{
   "type" : 0
}
{
   "m_d1" : 1.1000000000000001,
   "m_d2" : 1.2,
   "m_i" : 5,
   "m_st" : {
      "st_d" : 1,
      "st_i" : 1
   }
}
{
   "type" : 1
}
{
   "m_d" : 3.1400000000000001,
   "m_i1" : 6,
   "m_i2" : 7,
   "m_st" : {
      "st_d" : 5,
      "st_i" : 1
   }
}
{
   "type" : 0
}
{
   "m_d1" : 1.1000000000000001,
   "m_d2" : 1.2,
   "m_i" : 5,
   "m_st" : {
      "st_d" : 1,
      "st_i" : 1
   }
}
{
   "type" : 1
}
{
   "m_d" : 3.1400000000000001,
   "m_i1" : 6,
   "m_i2" : 7,
   "m_st" : {
      "st_d" : 5,
      "st_i" : 1
   }
}
